review,rating,timestamp
"This product is absolutely amazing! I love everything about it.",5,2024-01-15
"Terrible quality, waste of money. Would not recommend to anyone.",1,2024-01-16
"The product is okay, nothing special but gets the job done.",3,2024-01-17
"Outstanding customer service and fast delivery. Very satisfied!",5,2024-01-18
"This is the worst purchase I've ever made. Complete disappointment.",1,2024-01-19
"Good value for money, decent quality product.",4,2024-01-20
"Excellent product! Exceeded my expectations completely.",5,2024-01-21
"Poor packaging, product arrived damaged. Not happy at all.",2,2024-01-22
"Average product, nothing to complain about but nothing exceptional either.",3,2024-01-23
"Fantastic! This product has changed my life for the better.",5,2024-01-24
"Waste of time and money. Product doesn't work as advertised.",1,2024-01-25
"Pretty good overall, minor issues but generally satisfied.",4,2024-01-26
"Amazing quality and design. Highly recommend to everyone!",5,2024-01-27
"Disappointed with the quality. Expected much better for the price.",2,2024-01-28
"Solid product, does what it's supposed to do.",4,2024-01-29
"Absolutely love this! Best purchase I've made in years.",5,2024-01-30
"Not impressed at all. Product feels cheap and flimsy.",2,2024-02-01
"Good product overall, some room for improvement but decent.",3,2024-02-02
"Perfect! Exactly what I was looking for.",5,2024-02-03
"Horrible experience. Product broke after just one week.",1,2024-02-04
"Nice product, good quality materials used.",4,2024-02-05
"Outstanding value! Couldn't be happier with this purchase.",5,2024-02-06
"Mediocre at best. There are better options available.",3,2024-02-07
"Terrible customer support. Product is okay but service is awful.",2,2024-02-08
"Love it! This product is exactly what I needed.",5,2024-02-09
"Disappointing quality. Expected more for the price point.",2,2024-02-10
"Great product with excellent build quality.",4,2024-02-11
"Amazing! This exceeded all my expectations.",5,2024-02-12
"Not worth the money. Product is subpar.",2,2024-02-13
"Good product, fast shipping, would buy again.",4,2024-02-14
"Perfect product! Highly recommend to anyone looking for quality.",5,2024-02-15
"Poor quality control. Product arrived with defects.",1,2024-02-16
"Decent product for the price, nothing extraordinary.",3,2024-02-17
"Excellent! This product is a game changer.",5,2024-02-18
"Waste of money. Product doesn't meet expectations at all.",1,2024-02-19
"Good overall, minor issues but generally pleased.",4,2024-02-20
"Fantastic quality and design. Love everything about it!",5,2024-02-21
"Disappointed. Product quality is not what I expected.",2,2024-02-22
"Solid choice, does the job well.",4,2024-02-23
"Absolutely perfect! Couldn't ask for anything better.",5,2024-02-24
"Not great, not terrible. Just average.",3,2024-02-25
"Outstanding product! Worth every penny.",5,2024-02-26
"Poor experience overall. Product and service both disappointing.",1,2024-02-27
"Nice product, good value for money.",4,2024-02-28
"Amazing! This product is incredible.",5,2024-03-01
"Mediocre quality. Expected better for this price range.",3,2024-03-02
"Terrible product. Complete waste of money.",1,2024-03-03
"Love this product! It's exactly what I was looking for.",5,2024-03-04
"Disappointing. Product doesn't live up to the hype.",2,2024-03-05
"Great product with excellent features.",4,2024-03-06
"Perfect! This product is outstanding.",5,2024-03-07
"Not impressed. Product feels cheap.",2,2024-03-08
"Good product, would recommend to others.",4,2024-03-09
"Excellent! This product is fantastic.",5,2024-03-10
"Poor quality. Product broke easily.",1,2024-03-11
"Decent product, nothing special.",3,2024-03-12
"Amazing quality! This product is incredible.",5,2024-03-13
"Waste of time. Product doesn't work properly.",1,2024-03-14
"Good overall, minor complaints but generally satisfied.",4,2024-03-15
"Fantastic! This product exceeded my expectations.",5,2024-03-16
"Disappointed with the purchase. Expected much better.",2,2024-03-17
"Solid product, reliable and well-made.",4,2024-03-18
"Absolutely love this! Best product ever.",5,2024-03-19
"Not great. Product quality is lacking.",2,2024-03-20
"Outstanding! This product is perfect.",5,2024-03-21
"Poor value for money. Product is overpriced.",2,2024-03-22
"Nice product, good quality overall.",4,2024-03-23
"Amazing! This product is wonderful.",5,2024-03-24
"Mediocre at best. There are better alternatives.",3,2024-03-25
"Terrible experience. Product and service both poor.",1,2024-03-26
"Love it! This product is great.",5,2024-03-27
"Disappointing quality. Not worth the money.",2,2024-03-28
"Great product with good build quality.",4,2024-03-29
"Perfect! This product is excellent.",5,2024-03-30