review,timestamp
"Absolutely love this product! Works like a charm.",2024-01-05
"Terrible quality, broke after two days.",2024-01-06
"It's okay, does the job.",2024-01-07
"Exceeded my expectations! ⭐️⭐️⭐️⭐️⭐️",2024-02-01
"Not worth the price. Very disappointed.",2024-02-02
"Average experience. Nothing special.",2024-02-03
"Fantastic support team helped me fix an issue quickly.",2024-03-10
"The item arrived late and packaging was damaged.",2024-03-11
"Meh... it's fine, but I've seen better.",2024-03-12
"Superb build quality and easy to use!",2024-04-15
"Battery life is awful; needs charging twice a day.",2024-04-16
"Neutral about this purchase. It works as described.",2024-04-17
"Loved the sleek design and performance.",2024-05-01
"Customer service took too long to respond.",2024-05-02
"Decent product for the price.",2024-05-03
